Nom de la commune;Maire;Politique ;Adresse Mairie;Téléphone;Télécopie;Mail;;;;;;;
Abilly;Patricia BRAULT;;place de la Mairie 37160 ABILLY;02.47.59.78.01;02.47.59.89.93;mairie.abilly@wanadoo.fr;;;;;;;
Ambillou;Michel CHEVET;;20 rue Principale 37340 AMBILLOU;02.47.52.44.31;02.47.52.49.46;mairie@ambillou.fr;;;;;;;
Amboise;Christian GUYON;PS;60 rue de la Concorde BP 247 - 37402 AMBOISE CEDEX;02.47.23.47.23;02.47.23.19.80;communication@ville-amboise.fr;;;;;;;
Anché;Michel FERRAND;DVD;rue de la Mairie 37500 ANCHÉ;02.47.93.44.21;02.47.93.44.21;mairie-anche@wanadoo.fr;;;;;;;
Antogny le Tillac;Serge MOREAU;DVG;24 route de Richelieu 37800 ANTOGNY LE TILLAC;02.47.65.01.12;02.47.65.09.24;mairie.antognyletillac@wanadoo.fr;;;;;;;
Artannes sur Indre;Bertrand POITOU;DVG;3 avenue de la Vallée du Lys 37260 ARTANNES/INDRE;02.47.26.80.19;02.47.65.76.25;accueil@mairie.artannes.fr;;;;;;;
Assay;Claudine GAUCHER;DVD;place de la mairie 37120 ASSAY;02.47.95.73.22;02.47.95.73.22;mairie.d.assay@wanadoo.fr;;;;;;;
Athée sur Cher;Jean-Jacques MARTIN;DVD;1 place de la Mairie 37270 ATHEE SUR CHER;02.47.50.68.09;02.47.50.20.67;mairie-athee@wanadoo.fr;;;;;;;
Autrèche;Francis BILLAULT;DVD;4 place Koenig  37110 AUTRECHE;02.47.56.22.03;02.47.29.64.03;mairie-autreche@orange.fr;;;;;;;
Auzouer en Touraine;Jean-Claude BAGLAN;DVG;1 place du général Leclerc 37110 AUZOUER EN TOURAINE;02.47.55.06.03;02.47.55.08.60;mairie-auzouer-touraine@wanadoo.fr;;;;;;;
Avoine;Didier GODOY;DVG;33 rue Nationale BP 113 - 37420 AVOINE ;02.47.98.11.11;02.47.98.11.12;catherinebonneau@ville-avoine.fr;;;;;;;
Avon Les Roches;Pascal BLANCHARD;DVD;15 rue de Feunet 37220 AVON LES ROCHES;02.47.58.54.07;02.47.95.24.87;avon.mairie@wanadoo.fr;;;;;;;
Avrillé Les Ponceaux;Jean-Jack BORDEAU;;Le Bourg 37340 AVRILLE LES PONCEAUX;02.47.24.64.03;02.47.24.29.04;mairie.avrillelesponceaux@wanadoo.fr;;;;;;;
Azay le Rideau;Arnaud HENRION;DVD;2 place de l'Europe 37190 AZAY LE RIDEAU;02.47.45.42.11;02.47.45.49.11;accueil.mairie@azaylerideau.fr;;;;;;;
Azay sur Cher;Janick ALARY;;17 Grande Rue - 37270 AZAY SUR CHER ;02.47.45.62.40;02.47.45.62.49;accueil@mairie-azaysurcher.fr;;;;;;;
Azay sur Indre;Jean-Jacques MEUNIER;DVG;Le bourg - 37310 AZAY SUR INDRE;02.47.92.58.12;02.47.92.29.29;mairie-dazay-sur-indre@wanadoo.fr;;;;;;;
Ballan Miré;Alexandre CHAS;LR;37510 BALLAN MIRE;02.47.80.10.00;02.47.80.10.01;contact@mairie-ballan-mire.fr;;;;;;;
Barrou;Gilles BEILLOUIN;;10 rue de la Mairie 37350 BARROU;02.47.94.92.12;02.47.94.97.52;mairie-barrou@wanadoo.fr;;;;;;;
Beaulieu les Loches;Sophie METADIER;UDI;6 place du Maréchal Leclerc 37600 BEAULIEU LES LOCHES;02.47.91.94.94;02.47.91.51.97;mairie.beaulieu37@wanadoo.fr;;;;;;;
Beaumont en Véron;Bernard CHATEAU;DVD;rue du 8 mai 1945 -  37420 BEAUMONT EN VERON;02.47.58.40.45;02.47.58.96.59;mairie.beaumont-veron@wanadoo.fr;;;;;;;
Beaumont la Ronce;Jean-Paul ROBERT;DVD;2 rue des près 37360 BEAUMONT LA RONCE;02.47.24.42.15;02.47.24.87.43;secretariat.BLR@wanadoo.fr;;;;;;;
Beaumont Village;Joêl BAISSON;DVD;8 Rue de la Mairie 37460 BEAUMONT VILLAGE;02.47.92.60.47;02.47.92.74.34;commune.beaumontvillage@wanadoo.fr;;;;;;;
Benais;Stéphanie RIOCREUX;PS;place de l'Eglise 37140 BENAIS;02.47.97.30.11;02.47.97.47.24;mairie.benais@wanadoo.fr;;;;;;;
Berthenay;Jacques LE TARNEC;;Le Bourg 37510 BERTHENAY;02.47.45.66.30;02.47.45.66.33;mairie.berthenay@wanadoo.fr;;;;;;;
Betz le Chateau;Roger BORRAT;;2 rue Gilles de Betz 37600 BETZ LE CHATEAU;02.47.59.65.06;02.47.92.33.79;mairie.betz37@wanadoo.fr;;;;;;;
Bléré;Daniel LABARONNE;;35 rue de Loches BP35 -  37150 BLERE ;02.47.30.81.81;02.47.30.81.88;mairie@blere-touraine.com;;;;;;;
Bossay sur Claise;Jean BOIS;;11 place de l'Eglise 37290 BOSSAY SUR CLAISE;02.47.94.52.06;02.47.94.45.48;mairiedebossaysurclaise.old@wanadoo.fr;;;;;;;
Bossée;Georges ORIO;;Place du 8 mai 1945 - 37240 BOSSEE;02.47.92.81.22;02.47.92.23.29;mairie.bossee@wanadoo.fr;;;;;;;
Boulay (Le);Jean-Pierre GASCHET;LR;Allée des tilleuls 37110 LE BOULAY;02.47.56.82.35;02.47.29.61.35;mairieleboulay37@wanadoo.fr;;;;;;;
Bourgueil;Laurence RIGUET;DVG;8 rue du Picard BP 29 - 37140 BOURGUEIL ;02.47.97.25.00;02.47.97.98.58;contact@bourgueil.fr;;;;;;;
Bournan;Charlie GILLET;;rue Principale 37240 BOURNAN;02.47.59.63.42;02.47.59.91.85;mairiedebournan@wanadoo.fr;;;;;;;
Boussay;Marguerite LIGAUD;;place de la Mairie 37290 BOUSSAY;02.47.94.52.61;02.47.94.41.12;mairie.boussay37@wanadoo.fr;;;;;;;
Braslou;Claudine LECLERC;DVD;18 rue Principale 37120 BRASLOU;02.47.95.65.08;02.47.95.66.95;mairie.braslou@wanadoo.fr;;;;;;;
Braye sous Faye;Serge GABORIAU;;Le Bourg 37120 BRAYE SOUS FAYE;02.47.58.11.80;02.47.58.29.18;mairie.brayesousfaye@wanadoo.fr;;;;;;;
Braye sur Maulne;Bernard de BAUDREUIL;DVD;rue du moulin 37330 BRAYE SUR MAULNE;02.47.24.04.52;02.47.24.92.37;mairie.braye-sur-maulne@wanadoo.fr;;;;;;;
Brêches;Gérard VIGNAS;;37330 BRECHES;02.47.24.16.30;02.47.24.16.85;mairie.breches@orange.fr;;;;;;;
Bréhémont;Daniel DURAND;DVG;1 place du 8 mai 1945 - 37130 BREHEMONT;02.47.96.84.71;02.47.96.57.84;mairie.brehemont@wanadoo.fr;;;;;;;
Bridoré;Christian BARITAUD;DVG;37600 BRIDORE;02.47.94.72.65;02.47.94.78.07;mairie.bridore@wanadoo.fr;;;;;;;
Brizay;Jean-Louis SCHLOSSER;DVD;37220 BRIZAY;02.47.58.50.85;02.47.58.50.85;mairie.brizay@wanadoo.fr;;;;;;;
Bueil en Touraine;Rémi TONDEREAU;DVD;37370 BUEIL EN TOURAINE;02.47.24.44.06;02.47.24.87.90;bueil.mairie@wanadoo.fr;;;;;;;
Candes Saint Martin;Stéphan PINAUD;;4 rue de la mairie 37500 CANDES ST MARTIN;02.47.95.90.61;02.47.95.85.36;mairie.candes.st.martin@orange.fr;;;;;;;
Cangey;Huguette DELAINE;;5 rue de Chateau Renault 37530 CANGEY;02.47.30.08.43;02.47.30.14.06;mairie.cangey@wanadoo.fr;;;;;;;
Celle Guenand (La);Alain MORÈVE;;1 place de l'église 37350 LA CELLE GUENAND;02.47.94.93.07;02.47.94.92.68;mairie.lacelle-guenand@wanadoo.fr;;;;;;;
Celle Saint Avant (la);Michel JOUZEAU;;3 place du 8 mai 1945 -  37160 LA CELLE ST AVANT;02.47.65.00.23;02.47.65.02.25;mairie.de.la.celle.stavant@wanadoo.fr;;;;;;;
Céré-la-Ronde;Jacques DUVIVIER;;5 rue Rabelais 37460 CERE LA RONDE;02.47.94.23.61;02.47.94.23.98;mairiecerelaronde@wanadoo.fr;;;;;;;
Cérelles;Guy POULLE;DVD;37 rue du Maréchal Reille 37390 CERELLES;02.47.55.10.89;02.47.55.23.40;secretariat-crl@wanadoo.fr;;;;;;;
Chambon;Dominique MAURICE;;3 place du 11 Novembre 37290 CHAMBON;02.47.94.53.69;02.47.91.07.57;mairie.de.chambon@wanadoo.fr;;;;;;;
Chambourg sur  Indre;Laurent COURAUD;DVG;rue Marcel Viraud 37310 CHAMBOURG SUR INDRE;02.47.92.50.10;02.47.92.50.05;mairie.chambourg37@wanadoo.fr;;;;;;;
Chambray lès Tours;Christian GATARD;PS;6 rue de la Mairie  37170 CHAMBRAY LES TOURS ;02.47.48.45.67;02.47.48.45.68;mairie@ville-chambray-les-tours.fr;;;;;;;
Champigny sur Veude;Alain GASPARD;DVG;2 place de la Mairie 37120 CHAMPIGNY SUR VEUDE;02.47.95.73.48;02.47.95.75.46;mairie.champignysurveude@wanadoo.fr;;;;;;;
Chancay;François LALOT;;15 rue de la Mairie BP2 - 37210 CHANCAY ;02.47.52.93.17;02.47.52.25.83;mairie.chancay@wanadoo.fr;;;;;;;
Chanceaux près Loches;Jean-Louis DUMORTIER;DVD;allée Valérie Schneider 37600 CHANCEAUX PRES LOCHES;02.47.59.08.25;02.47.59.08.25;mairiechanceaux37@wanadoo.fr;;;;;;;
Chanceaux sur Choisille;Patrick DELETANG;LR;19 rue de la Mairie 37390 CHANCEAUX SUR CHOISILLE;02.47.55.19.55;02.47.55.23.33;mairie.chanceaux@wanadoo.fr;;;;;;;
Channay sur Lathan;Isabelle MELO;;1 rue du Maine 37330 CHANNAY SUR LATHAN;02.47.24.63.07;02.47.24.27.94;mairie.channay@bbox.fr;;;;;;;
Chapelle aux Naux (La);Philippe MASSARD;DVD;le bourg 37130 LA CHAPELLE AUX NAUX;02.47.96.80.36;02.47.96.45.31;mairie.la.chapelle.aux.naux@wanadoo.fr;;;;;;;
Chapelle Blanche St Martin (La);Martine TARTARIN;;place Jasnin 37240 LA CHAPELLE BLANCHE ST MARTIN;02.47.59.62.13;02.47.92.09.86;mairie37057@wanadoo.fr;;;;;;;
Chapelle sur Loire (La);Danielle THIRY;;1 place Albert Ruelle 37140 LA CHAPELLE SUR LOIRE;02.47.97.33.91;02.47.97.43.09;mairie.chapelle.sur.loire@wanadoo.fr;;;;;;;
Charentilly;Patrick LEHAGRE;DVD;37390 CHARENTILLY;02.47.56.65.46;02.47.56.53.56;mairie@charentilly.com;;;;;;;
Chargé;Pascal DUPRÉ;;2 bis Rue du Général de Gaulle 37530 CHARGE;02.47.57.04.01;02.47.57.41.52;mairiedecharge@wanadoo.fr;;;;;;;
Charnizay;Serge GERVAIS;;2 place du 8 mai 1945 - 37290 CHARNIZAY;02.47.94.53.02;02.47.94.45.16;charnizaymairie@wanadoo.fr;;;;;;;
Château la Vallière;Patrice BERTHELEMOT;;6 rue Lezay  Marnesia 37330 CHATEAU LA VALLIERE;02.47.24.00.21;02.47.24.06.13;info@chateaulavalliere.com;;;;;;;
Château Renault;Michel COSNIER;PCF;le château BP 79 - 37110 CHATEAU RENAULT ;02.47.29.85.50;02.47.56.87.50;mairie@ville-chateau-renault.fr;;;;;;;
Chaumussay;Marie-Thérèse BRUNEAU;;1 place de la Mairie 37350 CHAUMUSSAY;02.47.94.54.02;02.47.94.54.06;chaumussaymairie@wanadoo.fr;;;;;;;
Chaveignes;Philippe DUBOIS;DVD;le Bourg 37120 CHAVEIGNES;02.47.58.16.74;02.47.95.31.16;mairie@chaveignes.fr;;;;;;;
Chédigny;Pierre LOUAULT;UDI;5 Place de la Mairie 37310 CHEDIGNY;02.47.92.51.43;02.47.92.22.97;mairie-chedigny@wanadoo.fr;;;;;;;
Cheillé;Jean-Serge HURTEVENT;DVG;rue de Chinon 37190 CHEILLE;02.47.45.42.25;02.47.45.92.15;mairie.cheille@wanadoo.fr;;;;;;;
Chemillé sur Dême;Eloi CANON;DVD;1 Place de l'Eglise 37370 CHEMILLE SUR DEME;02.47.52.33.30;02.47.52.34.71;mairie.chemillesurdeme@wanadoo.fr;;;;;;;
Chemillé sur Indrois;Henry FREMONT;DVD;37460 CHEMILLE SUR INDROIS;02.47.92.60.75;02.47.92.67.98;mairie-chemille-sur-indrois@wanadoo.fr;;;;;;;
Chenonceaux;Maryse COUILLARD;;1 place de la Mairie 37150 CHENONCEAUX;02.47.23.90.13;02.47.23.94.46;mairie.chenonceaux@wanadoo.fr;;;;;;;
Chézelles;Christian PIMBERT;DVD;place de la Mairie 37220 CHEZELLES;02.47.58.52.02;02.47.58.52.02;mairie.chezelles@gmail.com;;;;;;;
Chinon;Jean-Luc DUPONT;DVD;Place du Général de Gaulle BP 10147 - 37501 CHINON  CEDEX;02.47.93.53.00;02.47.98.47.92;ville.de.chinon@wanadoo.fr;;;;;;;
Chisseaux;Franck AUGIAS;;2 rue Nationale 37150 CHISSEAUX;02.47.23.90.75;02.47.23.95.70;mairie.de.chisseaux@wanadoo.fr;;;;;;;
Chouzé sur Loire;Gilles THIBAULT;DVD;place des Déportés 37140 CHOUZE SUR LOIRE;02.47.95.10.10;02.47.95.02.79;mairie.chouze-sur-loire@wanadoo.fr;;;;;;;
Cigogné;Vincent LOUAULT;UDI;1 place  de la mairie 37310 CIGOGNE;02.47.57.83.16;02.47.23.57.12;mairie.cigogne@wanadoo.fr;;;;;;;
Cinais;Denis FOUCHÉ;;37500 CINAIS;02.47.95.91.16;02.47.95.83.34;mairiecinais@wanadoo.fr;;;;;;;
Cinq Mars la  Pile;Jean-Marie CARLES;DVG;12 Place de la Mairie 37130 CINQ MARS LA PILE;02.47.96.20.30;02.47.96.38.52;cinq.mars.la.pile@wanadoo.fr;;;;;;;
Ciran;Jean-Paul GAULTIER;;18 rue René Descartes 37240 CIRAN;02.47.59.62.94;02.47.59.96.66;mairie.de.ciran@wanadoo.fr;;;;;;;
Civray de Touraine;Alain BERNARD;;1 rue des Ecoles 37150 CIVRAY DE TOURAINE;02.47.23.62.80;02.47.23.62.88;civraydetouraine@wanadoo.fr;;;;;;;
Civray sur Esves;Patrick MERCIER;;4 rue Charles Fonteneau 37160 CIVRAY SUR ESVES;02.47.59.63.40;02.47.59.63.40;mairiecivraysuresves@rlan.eu;;;;;;;
Cléré les Pins;Benoit BAROT;;2 Place de la mairie 37340 CLERE LES PINS;02.47.24.62.06;02.47.24.24.80;mairie-clere-37@wanadoo.fr;;;;;;;
Continvoir;François GRANDEMANGE;;13 rue du Manoir 37340 CONTINVOIR;02.47.96.76.02;02.47.96.48.84;mairie@continvoir.fr;;;;;;;
Cormery;Antoine CAMPAGNE;;18 place du Mail 37320 CORMERY;02.47.43.40.66;02.47.43.03.15;mairie@cormery.fr;;;;;;;
Couesmes;Nicolas VEAUVY;DVD;37330 COUESMES;02.47.24.05.87;02.47.24.03.42;mairiedecouesmes@wanadoo.fr;;;;;;;
Courçay;Jean-Francis BISTER;;6 Rue du Commerce 37310 COURCAY;02.47.94.16.06;02.47.94.10.26;mairiedecourcay@wanadoo.fr;;;;;;;
Courcelles de Touraine;Philippe ADET;;2 rue Michel Pétrieux 37330 COURCELLES DE TOURAINE;02.47.24.63.56;02.47.24.27.96;mairiecourcelles37@rlan.eu;;;;;;;
Courcoué;Jean-François COUVRAT;DVG;8 rue de Richelieu 37120 COURCOUE;02.47.58.30.03;02.47.98.32.73;mairiedecourcoue@wanadoo.fr;;;;;;;
Couziers;Ann CHEVALIER;DVD;1 rue de la Mairie 37500 COUZIERS;02.47.95.95.45;02.47.95.95.45;mairiecouziers@wanadoo.fr;;;;;;;
Cravant les Côteaux;Christophe BAUDRY;DVD;1 place Pierre Alliet 37500 CRAVANT LES COTEAUX;02.47.93.13.59;02.47.98.45.84;cravant-mairie@wanadoo.fr;;;;;;;
Crissay sur Manse;Michel MIRAULT;DVD;37220 CRISSAY SUR MANSE;02.47.58.54.05;02.47.95.27.56;crissay.mairie@wanadoo.fr;;;;;;;
Croix en Touraine (La);Jocelyne COCHIN;LR;30 rue Nationale 37150 LA CROIX EN TOURAINE;02.47.23.64.64;02.47.23.51.21;mairie.la.croix-en-touraine@wanadoo.fr;;;;;;;
Crotelles;Rudolff FOUCTEAU;DVD;place Charles de Gaulle 37380 CROTELLES;02.47.55.04.13;02.47.55.01.08;mairie.crotelles@wanadoo.fr;;;;;;;
Crouzilles;Daniel BRISSEAU;DVD;37220 CROUZILLES;02.47.58.55.15;02.47.58.57.83;mairie.crouzilles@wanadoo.fr;;;;;;;
Cussay;Alain ROCHER;;16 rue Jean Michaud 37240 CUSSAY;02.47.59.61.84;02.47.92.09.14;mairiecussay@wanadoo.fr;;;;;;;
Dame Marie les Bois;Manuela PEREIRA;DVG;6 rue de Blémars 37110 DAME MARIE LES BOIS;02.47.29.55.12;02.47.29.64.19;mairiedamemarie.lesbois@wanadoo.fr;;;;;;;
Descartes;Jacques BARBIER;DVD;BP 03 -  37160 DESCARTES ;02.47.91.42.00;02.47.59.72.20;mairie@ville-descartes.fr;;;;;;;
Dierre;Max BESNARD;;1400 rue de Chenonceaux - 37150 DIERRE;02.47.57.93.86;02.47.23.91.74;mairie@dierre37.fr;;;;;;;
Dolus le Sec;Régis GIRARD;DVD;11 rue Agnès Sorel 37310 DOLUS LE SEC;02.47.59.11.52;02.47.92.22.82;mairiededoluslesec@wanadoo.fr;;;;;;;
Draché;Gilles CHAPOTON;;17 Rue de la Mairie 37800 DRACHE;02.47.65.02.13;02.47.65.02.13;mairie.drache@wanadoo.fr;;;;;;;
Druye;Corinne CHAILLEUX;;7 rue des Fonchers 37190 DRUYE;02.47.50.10.66;02.47.50.06.72;lemaire@druye.fr;;;;;;;
Epeigné Les Bois;Christian PERCEVAULT;;2 rue Saint Vincent 37150 EPEIGNE LES BOIS;02.47.23.92.88;09.70.06.73.22;mairie.epeignelesbois@wanadoo.fr;;;;;;;
Epeigné sur Dême;Patrice TERPREAU;DVD;37370 EPEIGNE SUR DEME;02.47.52.32.92;02.47.52.36.96;mairiedepeignesurdeme@wanadoo.fr;;;;;;;
Essards (Les);Pierre LEYROLLES;;37130 LES ESSARDS;02.47.96.71.30;02.47.96.71.30;mairie.lesessards@wanadoo.fr;;;;;;;
Esves le Moutier;Chantal BARTHELEMY;;37240 ESVES LE MOUTIER;02.47.59.62.45;02.47.92.06.00;mairie-esves-le-moutier@wanadoo.fr;;;;;;;
Esvres sur Indre;Jean-Christophe GASSOT;LR;rue Nationale 37320 ESVRES SUR INDRE;02.47.34.35.36;02.47.26.57.25;info@ville-esvres.fr;;;;;;;
Faye la Vineuse;David CAILLETEAU;;1 place de la Mairie 37120 FAYE LA VINEUSE;02.47.95.66.11;02.47.95.66.11;mairie.fayelavineuse@wanadoo.fr;;;;;;;
Ferrière (La);Marc LEPRINCE;DVD;2 Place du Général de Gaulle 37110 LA FERRIERE;02.47.56.31.97;02.47.56.36.57;mairielaferriere37110@orange.fr;;;;;;;
Ferrière Larçon;Gérard HÉNAULT;DVD;37350 FERRIERE LARCON;02.47.59.65.72;02.47.92.30.36;mairie.ferriere-larcon@wanadoo.fr;;;;;;;
Ferrière sur Beaulieu;Gilbert SABARD;DVD;1  Mail de la Mairie 37600 FERRIERE SUR BEAULIEU;02.47.91.94.94;02.47.91.62.27;mairie.ferrieresurbeaulieu@rlan.eu;;;;;;;
Fondettes;Cédric DE OLIVEIRA;LR;34 rue Eugène Gouïn BP4 - 37230 FONDETTES ;02.47.88.11.11;02.47.42.29.82;mairie@ville-fondettes.fr;;;;;;;
Francueil;Pierre EHLINGER;;rue des écoles 37150 FRANCUEIL;02.47.23.91.43;02.47.23.93.75;mairie-francueil@orange.fr;;;;;;;
Genillé;Jacques HERBERT;DVD;1 place Agnès Sorel 37460 GENILLE;02.47.59.50.21;02.47.59.59.78;genille.mairie@wanadoo.fr;;;;;;;
Gizeux;Thierry BEAUPIED;;37340 GIZEUX;02.47.96.76.63;02.47.96.71.43;mairie.gizeux@wanadoo.fr;;;;;;;
Grand Pressigny (Le);Christophe LE ROUX;;place des Halles 37350 LE GRAND PRESSIGNY;02.47.94.90.37;02.47.91.04.77;le-grand-pressigny@wanadoo.fr;;;;;;;
Guerche (La);Franck HIDALGO;;37350 LA GUERCHE;02.47.94.92.76;02.47.91.06.96;mairielaguerche37@orange.fr;;;;;;;
Hermites (Les);Guy SAUVAGE de BRANTES;DVD;place de la Mairie 37110 LES HERMITES;02.47.56.31.18;02.47.56.08.47;mairie.les.hermites@wanadoo.fr;;;;;;;
Hommes;Hubert HARDY;;14 rue de Langeais 37340 HOMMES;02.47.24.61.14;02.47.24.97.99;mairiedehommes@wanadoo.fr;;;;;;;
Huismes;Denis MOUTARDIER;DVG;place de l'Eglise BP 05 - 37420 HUISMES ;02.47.95.52.78;02.47.95.48.01;huismes.mairie@wanadoo.fr;;;;;;;
Ile Bouchard (L');Valérie BOUCHAUD-VIOLLEAU;DVG;15 place Bouchard BP 26 - 37220 L ILE BOUCHARD ;02.47.58.50.15;02.47.58.67.35;mairie.ilebouchard@wanadoo.fr;;;;;;;
Ingrandes de Touraine;Jean DUFRESNE;;12 place de l 'église 37140 INGRANDES DE TOURAINE;02.47.96.98.64;02.47.96.93.05;ingrandes.village37@wanadoo.fr;;;;;;;
Jaulnay;Maurice TALLAND;DVG;place de l'Eglise 37120 JAULNAY;02.47.95.64.58;02.47.95.65.17;mairie.jaulnay@wanadoo.fr;;;;;;;
Joué les Tours;Frédéric AUGIS;LR;place François Mitterand 37300 JOUE LES TOURS;02.47.39.70.00;02.47.39.71.14;cabinet@ville-jouelestours.fr;;;;;;;
Langeais;Pierre-Alain ROIRON;PS;1 place du 14 juillet BP 98 - 37130 LANGEAIS ;02.47.96.12.50;02.47.96.69.23;contact@langeais.fr;;;;;;;
Larçay;Jean-François CESSAC;;3 rue du 8 mai 1945 - 37270 LARCAY;02.47.45.86.00;02.47.45.86.01;contact@ville-larcay.fr;;;;;;;
Lémeré;Martine JUSZCZAK;;1 route de Sazilly 37120 LEMERE;02.47.95.70.36;02.47.95.77.71;commune-lemere@wanadoo.fr;;;;;;;
Lerné;Maurice LESOURD;;6 place du 8 Mai 37500 LERNE;02.47.95.94.35;02.47.95.86.54;mairie.lerne@wanadoo.fr;;;;;;;
Liège (Le);Marc HAMON;DVD;4 rue de la mairie 37460 LE LIEGE;02.47.59.51.92;02.47.59.51.92;mairie.leliege@wanadoo.fr;;;;;;;
Lignières de Touraine;Bernard VERON;DVD;37130 LIGNIERES DE TOURAINE;02.47.96.72.13;02.47.96.38.18;mairie.lignieres.de.touraine@wanadoo.fr;;;;;;;
Ligré;Bernard THIVEL;;9 rue Saint-Martin 37500 LIGRE;02.47.93.15.69;02.47.93.99.26;mairie.ligre@wanadoo.fr;;;;;;;
Ligueil;Michel GUIGNAUDEAU;PS;5 place de la République BP 06 - 37240 LIGUEIL ;02.47.59.60.44;02.47.59.94.97;accueil@ville-ligueil.fr;;;;;;;
Limeray;Eliane MAUGUERET;;1 place du Général de Gaulle 37530 LIMERAY;02.47.30.11.14;02.47.30.01.40;mairiedelimeray@wanadoo.fr;;;;;;;
Loché sur Indrois;Nisl JENSCH;DVG;41 rue de la Mairie 37460 LOCHE SUR INDROIS;02.47.92.61.55;02.47.92.66.73;mairie-loche-sur-indrois@wanadoo.fr;;;;;;;
Loches;Marc ANGENAULT;LR;BP 231 - 37602 LOCHES;02.47.91.19.50;02.47.91.19.69;cabinetdumaire@mairieloches.com;;;;;;;
Louans;Micheline GOUGET BECHEREAU;;place du 11 Novembre 37320 LOUANS;02.47.92.83.13;02.47.92.22.73;mairie-louans@wanadoo.fr;;;;;;;
Louestault;Catherine CÔME;DVD;place de la mairie 37370 LOUESTAULT;02.47.24.41.01;02.47.24.41.24;mairie-de-louestault@wanadoo.fr;;;;;;;
Louroux (Le);Eric DENIAU;;37240 LE LOUROUX;02.47.92.82.07;02.47.92.22.91;mairie.lelouroux.37@wanadoo.fr;;;;;;;
Lublé;Martine BACH;;8 rue de la mairie 37330 LUBLE;02.47.24.14.94;02.47.24.09.87;mairieluble@wanadoo.fr;;;;;;;
Lussault sur Loire;Georges RAMUSCELLO;;2 route de Tours 37400 LUSSAULT SUR LOIRE;02.47.57.16.29;02.47.57.77.72;mairie.lussault@wanadoo.fr;;;;;;;
Luynes;Bertrand RITOURET;DVD;place des Victoires 37230 LUYNES;02.47.55.35.55;02.47.55.52.56;mairie@luynes.fr;;;;;;;
Luzé;Jocelyne PIRONNET;DVD;37120 LUZE;02.47.58.32.52;02.4.58.71.11;mairie.luze@wanadoo.fr;;;;;;;
Luzillé;Jacky GAUVIN;;4 et 6 rue de la Mairie 37150 LUZILLE;02.47.57.84.19;02.47.23.58.99;mairie.luzille@wanadoo.fr;;;;;;;
Maillé;Bernard ELIAUME;DVD;37800 MAILLE;02.47.65.24.71;02.47.65.21.89;secretariat@maille.fr;;;;;;;
Manthelan;Bernard PIPEREAU;;1 mail de la Mairie 37240 MANTHELAN;02.47.91.23.00;02.47.91.23.05;mairie-manthelan@wanadoo.fr;;;;;;;
Marcay;Claude BORDIER;DVD;8 rue de la Fontaine 37500 MARCAY;02.47.93.06.90;02.47.93.39.38;mairiemarcay@orange.fr;;;;;;;
Marcé sur Esves;Gérard DUBOIS;DVD;11 rue de la Mairie 37160 MARCE SUR ESVES;02.47.59.86.27;02.47.59.71.27;mairiemarcesuresves@wanadoo.fr;;;;;;;
Marcilly sur Maulne;Dominique GUINOISEAU;;Place de la Mairie 37330 MARCILLY SUR MAULNE;02.47.40.90.38;02 47 24 04 10 ;mairie-marcilly-sur-maulne@wanadoo.fr;;;;;;;
Marcilly sur Vienne;Thierry BRUNET;DVG;16 rue principale 37800 MARCILLY SUR VIENNE;02.47.65.20.43;02.47.65.20.43;mairiedemarcilly@wanadoo.fr;;;;;;;
Marigny Marmande;Christian PINEAU;;20 rue Grande rue 37120 MARIGNY MARMANDE;02.47.58.31.11;02.47.58.35.28;mairie.marigny-marmande@wanadoo.fr;;;;;;;
Marray;Patrick BOIVIN;;1 route de la Ferrière 37370 MARRAY;02.47.56.30.51;02.47.56.36.14;mairie.marray@wanadoo.fr;;;;;;;
Mazières de Touraine;Thierry ELOY;;37130 MAZIERES DE TOURAINE;02.47.96.41.54;02.47.96.59.12;mazieresdetouraine@wanadoo.fr;;;;;;;
Membrolle sur Choisille (La);Sébastien MARAIS;;Place de l'Europe - BP 13 - 37390 LA MEMBROLLE /CHOISILLE ;02.47.41.21.28;02.47.54.83.96;mairie@ville-la-membrolle37.fr;;;;;;;
Mettray;Philippe CLEMOT;;3 rue du dolmen 37390 METTRAY;02.47.41.22.29;02.47.41.13.21;administration@ville-mettray.fr;;;;;;;
Monnaie;Olivier VIÉMONT;;Place Charles de Gaulle 37380 MONNAIE;02.47.56.10.20;02.47.56.49.90;mairie-de-monnaie@wanadoo.fr;;;;;;;
Montbazon;Bernard REVECHE;DVD;place André Delaunay 37250 MONTBAZON;02.47.26.01.30;02.47.73.13.92;mairie.montbazon@wanadoo.fr;;;;;;;
Monthodon;Olivier PODEVIN;EELV;1 rue du 8 Mai 1945 - 37110 MONTHODON;02.47.29.56.05;02.47.29.51.70;mairie.monthodon@wanadoo.fr;;;;;;;
Montlouis sur Loire;Vincent MORETTE;PS;place François Mitterrand 37270 MONTLOUIS SUR LOIRE;02.47.45.85.85;02.47.45.15.74;mairie@ville-montlouis-loire.fr;;;;;;;
Montrésor;Christophe UNRUG;DVD;23 rue Grande Rue 37460 MONTRESOR;02.47.91.43.00;02.47.92.71.11;mairie-montresor@wanadoo.fr;;;;;;;
Montreuil en Touraine;Jean-Luc PADIOLLEAU;;37530 MONTREUIL EN TOURAINE;02.47.30.15.14;02.47.30.03.12;mairie@montreuil-touraine.fr;;;;;;;
Monts;Valérie GUILLERMIC;DVG;rue Maurice Ravel 37260 MONTS;02.47.34.11.80;02.47.73.05.42;mairie@monts.org;;;;;;;
Morand;Joël DENIAU;DVD;2 rue de la Mairie 37110 MORAND;02.47.29.69.12;02.47.29.61.78;mairiedemorand@wanadoo.fr;;;;;;;
Mosnes;Christophe VILLEMAIN;;9 rue du Général de Gaulle 37530 MOSNES;02.47.57.22.13;02.47.57.61.19;mairie.mosnes@wanadoo.fr;;;;;;;
Mouzay;Marie RONDWASSER;;1 Place de la Mairie 37600 MOUZAY;02.47.59.15.43;02.47.59.15.43;mairie.mouzay@wanadoo.fr;;;;;;;
Nazelles Négron;Richard CHATELLIER;;37530 NAZELLES NEGRON;02.47.23.71.71;02.47.23.25.48;mairie.nazelles-negron@wanadoo.fr;;;;;;;
Neuil;Natalie SENNEGON;DVD;20 rue de l'église 37190 NEUIL;02.47.65.82.66;02.47.73.51.33;mairie-de-neuil@orange.fr;;;;;;;
Neuillé Le Lierre;Damien FORATIER;;2 rue de la République 37380 NEUILLE LE LIERRE;02.47.52.95.17;02.47.52.29.44;mairie.neuillelelierre@wanadoo.fr;;;;;;;
Neuillé Pont Pierre;Michel JOLLIVET;DVD;2 place du 11 novembre 37360 NEUILLE PONT PIERRE;02.47.24.54.84;02.47.24.38.78;secretariat.npp@wanadoo.fr;;;;;;;
Neuilly Le Brignon;Dominique COINTRE;;37160 NEUILLY LE BRIGNON;02.47.59.66.02;02.47.92.33.85;mairie.neuilly.le.brignon@wanadoo.fr;;;;;;;
Neuville sur Brenne;Gino GOMMÉ;;8 rue du 8 mai 1945 - 37110 NEUVILLE SUR BRENNE;02.47.29.52.13;02.47.56.88.19;communedeneuvillesurbrenne@wanadoo.fr ;;;;;;;
Neuvy Le Roi;Patrick CINTRAT;LR;37370 NEUVY LE ROI;02.47.29.71.71;02.47.24.84.91;mairie.neuvy-le-roi@wanadoo.fr;;;;;;;
Noizay;Jean-Pierre VINCENDEAU;;4 place Léon Gambetta 37210 NOIZAY;02.47.52.11.06;02.47.52.08.73;contact@mairiedenoizay.fr;;;;;;;
Notre Dame d'Oé;Jean-Luc GALLIOT;PS;37390 NOTRE DAME D OE;02.47.41.30.08;02.47.49.22.00;mairie@ndoe.fr;;;;;;;
Nouans Les Fontaines;Eric MOREAU;DVG;place du 8 Mai 37460 NOUANS LES FONTAINES;02.47.92.62.09;02.47.92.70.93;mairie.nouans.fontaines@wanadoo.fr;;;;;;;
Nouâtre;Pierre-Marie DANQUIGNY;DVG;place du 8 mai 1945 - 37800 NOUATRE;02.47.65.20.15;02.47.65.28.24;mairie.nouatre@wanadoo.fr;;;;;;;
Nouzilly;Joël BESNARD;;place Emile Cholet 37380 NOUZILLY;02.47.56.12.21;02.47.56.40.47;mairie.nouzilly@wanadoo.fr;;;;;;;
Noyant de Touraine;Yolande BILLON;DVG;1 place de la Mairie 37800 NOYANT DE TOURAINE;02.47.65.82.03;02.47.65.83.13;mairie@noyant-de-touraine.fr;;;;;;;
Orbigny;Jacky CHARBONNIER;DVG;8 rue Jeanne d'Arc 37460 ORBIGNY;02.47.94.23.18;02.47.94.20.55;mairie.orbigny@wanadoo.fr;;;;;;;
Panzoult;Isabelle PAIN;DVD;place de la mairie 37220 PANZOULT;09.65.30.25.44;02.47.58.53.08;mairie.panzoult@wanadoo.fr;;;;;;;
Parçay Meslay;Bruno FENET;;58 rue de la Mairie 37210 PARCAY MESLAY;02.47.29.15.15;02.47.29.01.41;mairie@parcay-meslay.com;;;;;;;
Parçay sur Vienne;Mme Dominique JOUANNEAU;DVG;20 rue du 8 Mai 1945 - 37220 PARCAY SUR VIENNE;02.47.58.54.57;02.47.58.60.96;mairiedeparcaysurvienne@wanadoo.fr;;;;;;;
Paulmy;Dominique FRELON;;1 place de la mairie 37350 PAULMY;02.47.59.66.64;02.47.59.62 40;paulmy.mairie@wanadoo.fr;;;;;;;
Pernay;Jean-Pierre PENINON;;rue de la Mairie 37230 PERNAY;02.47.52.43.83;02.47.52.47.87;mairie.pernay@neuf.fr;;;;;;;
Perrusson;Bernard GAULTIER;DVD;1 place de la Mairie 37600 PERRUSSON;02.47.59.03.92;02.47.91.61.83;perrusson.37@wanadoo.fr;;;;;;;
Petit Pressigny (Le);Daniel DOUADY;;2 chemin des Bordes 37350 LE PETIT PRESSIGNY;02.47.94.93.59;02.47.91.05.94;mairie.le.petit.pressigny@wanadoo.fr;;;;;;;
Pocé sur Cisse;Claude COURGEAU;;37530 POCE SUR CISSE;02.47.57.18.15;02.47.57.02.13;mairiedepoce@wanadoo.fr;;;;;;;
Pont de Ruan;Michelle DUVAULT;DVD;37260 PONT DE RUAN;02.47.26.81.30;02.47.73.21.72;ville.pont.de.ruan@wanadoo.fr;;;;;;;
Ports sur Vienne;Daniel POUJAUD;DVG;place de la mairie 37800 PORTS SUR VIENNE;02.47.65.02.62;02.47.65.09.29;mairie-de-ports-sur-vienne@wanadoo.fr;;;;;;;
Pouzay;Jean SAVOIE;DVD;23 rue des Ecoles 37800 POUZAY;02.47.65.21.93;02.47.65.32.67;pouzay@wanadoo.fr;;;;;;;
Preuilly sur Claise;Gilles BERTUCELLI;DVD;place de l'Hôtel de Ville BP 13 - 37290 PREUILLY SUR CLAISE ;02.47.94.50.04;02.47.94.63.26;mairie-preuilly@wanadoo.fr;;;;;;;
Pussigny;Mme Dominique BRUNET;;5 rue de la mairie 37800 PUSSIGNY;02.47.65.01.02;02.47.65.09.82;mairie.pussigny@wanadoo.fr;;;;;;;
Razines;Daniel DUPUY;;10 place de la mairie 37120 RAZINES;02.47.95.60.60;;mairie-razines@wanadoo.fr;;;;;;;
Reignac sur Indre;Loïc BABARY;DVD;37310 REIGNAC SUR INDRE;02.47.94.10.20;02.47.94.17.94;mairie.reignac37@wanadoo.fr;;;;;;;
Restigné;Christine HASCOET;;place de l'Eglise 37140 RESTIGNE;02.47.97.32.08;02.47.97.47.02;mairie.restigne@cegetel.net;;;;;;;
Reugny;Axelle TREHIN;;10 rue Nationale 37380 REUGNY;02.47.52.94.32;02.47.52.25.94;mairie-reugny@wanadoo.fr;;;;;;;
Riche (La);Wilfried SCHWARTZ;PS;place du Maréchal Leclerc BP 102 -37521 LA RICHE CEDEX;02.47.36.24.24;02.47.38.11.52;la.mairie@ville-lariche.fr;;;;;;;
Richelieu;Hervé NOVELLI;;1 place du Marché 37120 RICHELIEU;02.47.58.10.13;02.47.58.16.42;commune-de-richelieu@wanadoo.fr;;;;;;;
Rigny Ussé;Colette AZE;DVD;51 rue principale 37420 RIGNY USSE;02.47.95.55.85;02.47.95.45.33;rigny-usse-mairie@wanadoo.fr;;;;;;;
Rillé;Christian SIMONOT;;6  Grande Rue 37340 RILLE;02.47.24.64.68;02.47.24.64.68;mairie.rille@orange.fr;;;;;;;
Rilly sur Vienne;Jean-Louis BASSEREAU;;1 place de la mairie 37220 RILLY SUR VIENNE;02.47.58.32.09;02.47.58.70.04;mairierillyvienne@wanadoo.fr;;;;;;;
Rivarennes;Agnès BUREAU;DVG;37190 RIVARENNES;02.47.95.51.43;02.47.95.51.52;mairie.rivarennes@wanadoo.fr;;;;;;;
Rivière;Martine LUNETEAU;DVG;14 rue des lavandières 37500 RIVIERE;02.47.93.07.53;02.47.93.37.04;mairiederiviere@wanadoo.fr;;;;;;;
Roche Clermault (La);Jacky MANCEAU;;13 route du Coteau 37500 LA ROCHE CLERMAULT;02.47.95.90.10;02.47.95.85.59;mairie.larocheclermault@wanadoo.fr;;;;;;;
Rochecorbon;Bernard PLAT;DVD;37210 ROCHECORBON;02.47.52.50.20;02.47.52.81.18;contact@mairie-rochecorbon.fr;;;;;;;
Rouziers de Touraine;John-James DELIGNY;DVG;5 rue du 11 novembre 37360 ROUZIERS DE TOURAINE;02.47.56.60.13;02.47.56.56.40;secretariat.RDT@wanadoo.fr;;;;;;;
Saché;Olivier BOUISSOU;DVD;Place Alexander Calder 37190 SACHE;02.47.26.86.65;02.47.65.76.83;mairie.sache@wanadoo.fr;;;;;;;
Saint Antoine du Rocher;André MEULOT;;4 rue des écoles 37360 ST ANTOINE DU ROCHER;02.47.56.65.04;02.47.56.51.08;secretariat.SAR@wanadoo.fr;;;;;;;
Saint Aubin le Depeint;Benoit DURAND;DVD;21 rue Principale 37370 ST AUBIN LE DEPEINT;02.47.29.25.07;02.47.29.25.07;mairie.staubinledepeint@wanadoo.fr;;;;;;;
Saint Avertin;Jean-Gérard PAUMIER;LR;21 rue de Rochepinard BP 128 - 37550 ST AVERTIN ;02.47.48.48.48;02.47.27.10.33;sonia.maingault@ville-saint-avertin.fr;;;;;;;
Saint Bauld;Jacques DELWARDE;DVD;2 rue Principale 37310 ST BAULD;02.47.92.87.00;02.47.92.87.00;mairiestbauld@wanadoo.fr;;;;;;;
Saint Benoît La Forêt;Didier GUILBAULT;DVG;Le Bourg 37500 ST BENOIT LA FORET;02.47.58.00.11;02.47.58.07.82;commune.stbenoitlaforet@orange.fr;;;;;;;
Saint Branchs;Daniel BALANGER;DVG;place du 11 novembre BP 08 - 37320 ST BRANCHS ;02.47.26.30.15;02.47.26.33.53;mairie.saintbranchs@wanadoo.fr;;;;;;;
Saint Christophe sur le Nais;Catherine LEMAIRE;DVD;32 rue du Val Joyeux 37370 ST CHRISTOPHE SUR LE NAIS;02.47.29.24.19;02.47.29.35.76;mairie.stchristophe@wanadoo.fr;;;;;;;
Saint Cyr sur Loire;Philippe BRIAND;LR;parc de la Perraudière BP 139 -  37541 ST CYR SUR LOIRE  CX;02.47.42.80.00;02.47.42.80.94;info@saint-cyr-sur-loire.com;;;;;;;
Saint Epain;Serge LECOMTE;DVD;27 rue Principale 37800 ST EPAIN;02.47.65.80.21;02.47.65.80.42;mairie.saint-epain@wanadoo.fr;;;;;;;
Saint Etienne de Chigny;Patrick CHALON;;2 route de la Chappe 37230 ST ETIENNE DE CHIGNY;02.47.55.52.15;02.47.55.59.19;dgs.mairiesedc@orange.fr;;;;;;;
Saint Flovier;Francis BAISSON;;2 place du 8 mai 37600 ST FLOVIER;02.47.94.72.24;02.47.94.86.00;mairie.st.flovier@wanadoo.fr;;;;;;;
Saint Genouph;Christian AVENET;;23 rue du bourg 37510 ST GENOUPH;02.47.45.51.14;02.47.45.52.76;mairie-st-genouph@orange.fr;;;;;;;
Saint Germain sur Vienne;Jean ALBERT;DVG;33 route de la Chaussée 37500 ST GERMAIN SUR VIENNE;02.47.95.96.46;02.47.95.87.29;stgermain.mairie@wanadoo.fr;;;;;;;
Saint Hippolyte;Patrick PASQUIER;DVD;37600 ST HIPPOLYTE;02.47.94.71.40;02.47.94.82.47;mairiede-sthippolyte@wanadoo.fr;;;;;;;
Saint Jean Saint Germain;Pierre BRODNY;DVD;37600 ST JEAN ST GERMAIN;02.47.94.70.05;02.47.94.70.05;mairie.stjeanstgermain@wanadoo.fr;;;;;;;
Saint Laurent de Lin;Jean-Paul SORIN;;rue de la Perrée 37330 ST LAURENT DE LIN;02.47.24.05.07;02.47.24.26.77;mairie.saintlaurentdelin@wanadoo.fr;;;;;;;
Saint Laurent en Gatines;Isabelle SENECHAL;DVD;avenue du 11 Novembre 37380 ST LAURENT EN GATINES;02.47.29.68.12;02.47.29.83.95;mairie.st.laurent.en.gatines@wanadoo.fr;;;;;;;
Saint Martin Le Beau;Angélique DELAHAYE;DVD;place Marcel Habert 37270 ST MARTIN LE BEAU;02.47.50.67.26;02.47.50.27.69;sanctus.martinus@wanadoo.fr;;;;;;;
Saint Michel sur Loire;Dominique LOGEAY;;37130 ST MICHEL SUR LOIRE;02.47.96.83.06;02.47.96.46.78;mairiesaintmichelsurloire@wanadoo.fr;;;;;;;
Saint Nicolas de Bourgueil;Christel COUSSEAU;; 37140 ST NICOLAS DE BOURGUEIL;02.47.97.75.16;02.47.97.36.87;mairiedesaintnicolasdebourgueil@wanadoo.fr;;;;;;;
Saint Nicolas des Motets;Daniel CHOISIS;DVD;8 rue de Touraine 37110 ST NICOLAS DES MOTETS;02.47.29.65.20;02.47.56.98.77;mairie-saintnicolasdesmotets@wanadoo.fr;;;;;;;
Saint Ouen les Vignes;Marie-Joëlle ADRAST;;4 place de l'église 37530 ST OUEN LES VIGNES;02.47.30.18.87;02.47.30.02.37;mairie-st-ouen-les-vignes@wanadoo.fr;;;;;;;
Saint Paterne Racan;Jean-Pierre POUPEE;DVD;37370 ST PATERNE RACAN;02.47.29.20.03;02.47.29.30.64;mairie.spr@orange.fr;;;;;;;
Saint Patrice;François AUGÉ;;37130 ST PATRICE;02.47.96.98.15;02.47.96.93.26;mairie.stpatrice@wanadoo.fr;;;;;;;
Saint Pierre des Corps;Marie-France BEAUFILS;FG;34 Avenue de la République 37703 ST PIERRE DES CORPS;02.47.63.43.43;02.47.63.43.00;mairie-spdc@wanadoo.fr;;;;;;;
Saint Quentin sur Indrois;Cécile DERUYVER-AVERLAND;DVD;Le Bourg 37310 ST QUENTIN SUR INDROIS;02.47.92.51.86;02.47.92.51.86;mairie.stquentinsurindrois@wanadoo.fr;;;;;;;
Saint Règle;Christine FAUQUET;DVD;2 place Saint-Louis 37530 ST REGLE;02.47.57.41.21;02.47.57.41.21;mairie.saintregle@wanadoo.fr;;;;;;;
Saint Roch;Alain ANCEAU;;1 rue Principale 37390 ST ROCH;02.47.56.74.67;02.47.56.76.50;mairie.saintroch37@orange.fr;;;;;;;
Saint Senoch;Patrick LESPAGNOL;DVD;4 place de la mairie 37600 ST SENOCH;02.47.59.11.17;02.47.92.38.87;mairiedesaintsenoch@rlan.eu;;;;;;;
Sainte Catherine de Fierbois;Vincent POPELIER;DVG;54 rue Boucicault 37800 STE CATHERINE DE FIERBOIS;02.47.65.43.46;02.47.65.69.08;saintecatherinedefierbois.secretariat@wanadoo.fr;;;;;;;
Sainte Maure de Touraine;Michel CHAMPIGNY;DVD;place Maréchal Leclerc 37800 STE MAURE DE TOURAINE;02.47.65.40.12;02.47.65.65.76;mairie@sainte-maure-de-touraine.fr;;;;;;;
Saunay;Pierre DATTÉE;DVD;37110 SAUNAY;02.47.29.53.21;02.47.56.96.99;mairie.saunay@wanadoo.fr;;;;;;;
Savigné sur Lathan;Solange CRESSON;;place Jacques du Bellay 37340 SAVIGNE SUR LATHAN;02.47.24.22.33;02.47.24.29.02;mairie-de-savigne@wanadoo.fr;;;;;;;
Savigny en Véron;Laurent CHAUVELIN;;37420 SAVIGNY EN VERON;02.47.58.81.12;02.47.58.83.97;mairie.savigny-en-veron@wanadoo.fr;;;;;;;
Savonnières;Bernard LORIDO;;rue Principale BP 11 - 37510 SAVONNIERES ;02.47.43.53.63;02.47.43.53.64;mairie@savonnieres.fr;;;;;;;
Sazilly;Max DELALEU;DVG;16 route de Chinon 37220 SAZILLY;02.47.58.55.52;02.47.58.68.17;mairie.sazilly@orange.fr;;;;;;;
Semblançay;Antoine TRYSTRAM;DVD;7 place Jacques De Beaune 37360 SEMBLANCAY;02.47.29.86.86;02.47.56.55.76;secretariat.sblc@wanadoo.fr;;;;;;;
Sennevières;Caroline KRIER;DVD;37600 SENNEVIERES;02.47.94.70.88;02.47.94.71.15;sennevieres@orange.fr;;;;;;;
Sepmes;Régine REZEAU;;Place de l'Eglise 37800 SEPMES;02.47.65.44.66;02.47.65.59.14;mairie.sepmes@wanadoo.fr;;;;;;;
Seuilly;Jacques AUPIC;DVG;37500 SEUILLY;02.47.95.90.35;02.47.95.85.55;mairie.seuilly@orange.fr;;;;;;;
Sonzay;Jean-Pierre VERNEAU;;2 rue de la Baratière BP 01- 37360 SONZAY ;02.47.24.70.19;02.47.24.52.04;sg.sonzay@orange.fr;;;;;;;
Sorigny;Alain ESNAULT;DVD;28 rue nationale 37250 SORIGNY;02.47.34.27.70;02.47.34.27.79;dgs@mairie-sorigny.com;;;;;;;
Souvigné;Delphine AUNEAU;;rue de la Mairie 37330 SOUVIGNE;02.47.24.73.02;02.47.24.52.53;mairie.souvigne@wanadoo.fr;;;;;;;
Souvigny de Touraine;Laurent BOREL;;1 rue nationale 37530 SOUVIGNY DE TOURAINE;02.47.57.27.06;02.47.57.27.06;mairie-de-souvigny37@wanadoo.fr;;;;;;;
Sublaines;Christian FOUASSIER;;2 rue du 8 mai 1945 - 37310 SUBLAINES;02.47.57.85.11;02.47.23.54.57;mairie.sublaines@wanadoo.fr;;;;;;;
Tauxigny;Jean-Louis ROBIN;DVD;place de la mairie 37310 TAUXIGNY;02.47.92.18.02;02.47.92.1007;mairie.tauxigny@wanadoo.fr;;;;;;;
Tavant;Bernard MARCHE;DVD;37220 TAVANT;02.47.58.58.01;02.47.58.65.81;communedetavant@wanadoo.fr;;;;;;;
Theneuil;Nadège ARNAULT;LR;11 rue Grande Rue 37220 THENEUIL;02.47.58.50.81;02.47.58.50.81;mairiedetheneuil@wanadoo.fr;;;;;;;
Thilouze;Eric LOIZON;UDI;8 place de la mairie 37260 THILOUZE;02.47.26.87.41;02.47.26.89.57;thilouze@wanadoo.fr;;;;;;;
Thizay;Corinne LEROY;DVG;4 rue de la Fontaine 37500 THIZAY;02.47.95.90.27;02.47.95.85.64;communedethizay@wanadoo.fr;;;;;;;
Tour Saint Gelin (La);Martial TESTON;DVD;5 rue de la mairie 37120 LA TOUR ST GELIN;02.47.58.30.35;02.47.58.30.35;mairiedelatoursaintgelin@orange.fr;;;;;;;
Tournon Saint Pierre;Marie-Françoise BRAULT;;37290 TOURNON ST PIERRE;02.54.37.50.02;02.54.37.52.22;mairie.tournon-st-pierre@wanadoo.fr;;;;;;;
Tours;Serge BABARY;LR;3 rue des Minimes  37926 TOURS  CEDEX 09;02.47.21.60.00;02.47.21.69.36;ville.tours@ville-tours.fr;;;;;;;
Trogues;Chantal BACHELERY;DVD;route du Bourg 37220 TROGUES;02.47.58.53.68;02.47.58.53.68;mairie-trogues@wanadoo.fr;;;;;;;
Truyes;Stéphane de COLBERT;DVD;28 rue du Clocher 37320 TRUYES;02.47.43.40.81;02.47.43.06.61;mairie.truyes@wanadoo.fr;;;;;;;
Vallères;Jean-Luc CADIOU;DVG;1 place de la mairie 37190 VALLERES;02.47.45.45.44;02.47.45.48.47;valleres.mairie@wanadoo.fr;;;;;;;
Varennes;Michel DUGRAIN;;1 place de la Mairie 37600 VARENNES;02.47.59.04.32;02.47.59.04.32;mairie.de.varennes-37@wanadoo.fr;;;;;;;
Veigné;Patrick MICHAUD;UDI;place du Maréchal Leclerc 37250 VEIGNE;02.47.34.36.36;02.47.26.94.92;lemaire@veigne.fr;;;;;;;
Véretz;Danièle GUILLAUME;;rue Moreau-Vincent 37270 VERETZ;02.47.35.70.00;02.47.35.70.10;mairie@veretz.com;;;;;;;
Verneuil le Château;Eric BIGOT;;1 rue de Richelieu 37120 VERNEUIL LE CHATEAU;02.47.58.30.27;02.47.58.30.27;verneuil.mairie@wanadoo.fr;;;;;;;
Verneuil sur Indre;Gérard MARQUENET;;1 place de la mairie 37600 VERNEUIL SUR INDRE;02.47.94.71.08;02.47.94.78.02;verneuil-sur-indre@orange.fr;;;;;;;
Vernou sur Brenne;Jean HUREL;;37210 VERNOU SUR BRENNE;02.47.52.10.35;02.47.52.0844;mairiedevernou@wanadoo.fr;;;;;;;
Villaines les Rochers;Marie-Annette BERGEOT;DVG;place de la Mairie 37190 VILLAINES LES ROCHERS;02.47.45.43.08;02.47.45.48.65;mairie-villaines-37@wanadoo.fr;;;;;;;
Villandry;Jean-Marie MÉTAIS;;37510 VILLANDRY;02.47.50.02.08;02.47.50.00.90;admin.villandry@wanadoo.fr;;;;;;;
Ville aux Dames (La);Alain BÉNARD;;avenue Jeanne d'Arc BP 37 - 37700 LA VILLE AUX DAMES ;02.47.44.36.46;02.47.32.92.12;accueil@ville-aux-dames.com;;;;;;;
Villebourg;Laurent GAUVRIT;;37370 VILLEBOURG;02.47.24.44.25;02.47.24.87.90;mairie.villebourg@orange.fr;;;;;;;
Villedomain;Vincent MEUNIER;;le bourg 37460 VILLEDOMAIN;02.47.92.62.65;02.47.92.69.95;commune.villedomain.com@orange.fr;;;;;;;
Villedômer;Marie-Claude FOUCHER;DVG;place des Martyrs de la Résistance 37110 VILLEDOMER;02.47.55.00.04;02.47.55.06.27;mairie.villedomer@wanadoo.fr;;;;;;;
Villeloin Coulangé;Maryse GARNIER;;37460 VILLELOIN COULANGE;02.47.92.61.19;02.47.92.76.77;mairie.villeloin@wanadoo.fr;;;;;;;
Villeperdue;Roland MARIAU;FG;10 rue de la Mairie 37260 VILLEPERDUE;02.47.26.08.07;02.47.26.92.94;mairie@villeperdue.fr;;;;;;;
Villiers au Bouin;Martine NAVEAU;;rue des Ecoles 37330 VILLIERS AU BOUIN;02.47.24.03.71;02.47.24.29.11;mairie.villiers.au.bouin@wanadoo.fr;;;;;;;
Vou;Jean-Marie VANNIER;;1 place Saint-Pierre Es Liens 37240 VOU;02.47.59.63.31;02.47.59.63.31;mairie.vou@wanadoo.fr;;;;;;;
Vouvray;Brigitte PINEAU;;rue Gambetta BP 9 - 37210 VOUVRAY ;02.47.52.70.48;02.47.52.67.76;mairie@vouvray.fr;;;;;;;
Yzeures sur Creuse;Jacky PERIVIER;;place Mado Robin 37290 YZEURES SUR CREUSE;02.47.94.55.01;02.47.93.43.32;mairie.yzeuressurcreuse@wanadoo.fr;;;;;;;
;;;;;;;;;;;;;
